<?xml version="1.0" encoding="UTF-8"?>
<configuration>
  
  <appender name="CONSOLE" class="ch.qos.logback.core.ConsoleAppender">
    <layout>
      <pattern>
        %d [%thread] %-5level %logger{40} - %msg%n
      </pattern>
    </layout>
  </appender>
  
  <logger name="org.apache" level="warn"/>
  <logger name="org.springframework" level="warn"/>
  <logger name="org.springframework.web" level="warn"/>
  <logger name="org.hibernate.tool.hbm2ddl" level="warn"/>
  <logger name="org.hibernate" level="warn"/>
  <logger name="org.hibernate.validator" level="warn"/>
  <logger name="org.hibernate.SQL" level="debug"/>
  <logger name="br.com.dca" level="debug" />
  
  <root level="ERROR">
    <appender-ref ref="CONSOLE"/>
  </root>
  
</configuration>
